"settings: {'CHANGING_GOAL': False, 'N_pop': 5000, 'B': 124, 'Pc': 0.5, 'L': 100000, 'MAX_GATES': 12, 'G': 20, 'Pm': 0.00564516129032258, 't': 30, 'INIT_GOAL': ('XOR', 'AND', 'XOR'), 'GOALS': [('XOR', 'OR', 'XOR'), ('EQ', 'OR', 'XOR'), ('XOR', 'OR', 'EQ')]}"
Gen,Max Fitness,Average Fitness,Normalized Fitness,Max Fitness Genome
0,0.9375,0.1263875,0.9284579833736354,0110000011000111000111100011101111100101000000110000100110000010101010001101110111000000000100000011010001101011111111101010
1,0.9375,0.8175125,0.6575107884101651,0110000011000111000111100011101111100101000000110000100110000010101010001101110111000000000100000011010001101011111111101010
2,0.9375,0.8142375,0.6635488863468139,1110000010100111101011110010000010100100000111101010011000010111000011001011101111001001100101111001010011101100010011011011
3,0.9375,0.812675,0.6663552649139196,0100110111000000011000001101111000100011000011000110011011111011111010000111010000011110111001100111001110111000001101101110
4,0.9375,0.823325,0.6462431017404839,0110000011000111000111100011101111100100000111101010011000010111000011001011101111001001100101111001010011101000010011011011
5,0.9375,0.8241875,0.6445076430856738,0110110111000000011000001101111000100011000011000110011011111011111010000111010000011010111001100111001110111000001101101110
6,0.9375,0.8243,0.6442800227660784,0110000011000100011001110010001010100101000111101010011000010111000011001011101111001001100101111001000011101000010011011011
7,0.9375,0.8248375,0.6431884678512809,0110000011000111000111100011101111100101000000110000100100010111000011001011101111001001100101111001010011101000010011011011
8,0.9375,0.828025,0.6365750835877307,0110000011000111000100001101111000100011000011000110011011111011111010000111010000011110111001101111001110111000001101101110
9,0.9375,0.841425,0.6058647327762888,0110000011000111000111100011101111100101000000110000100110000010101010001111110000011110000100000011010001101000111111101010
10,0.9375,0.843375,0.6009577015163607,0110110110100111101011110010000010100100000111101010011000010111001011001011101111001001100101111001010011101000010011011011
11,0.9375,0.8430875,0.6016888393212778,0110000011000111000110010010100011100101000000100001100100000010101010001101110111000000000100000011010001111011111111101010
12,0.9375,0.8497875,0.583922776067238,0110110111000010011010001101111000100110000011101010001011111011100011001011101111000000000101100111001110111000001111101110
13,0.9375,0.8439375,0.5995194233079696,1110000110100111000110100010000010100101100100110000011000010111000011001011101110001110111001101111001110111000001101101110
14,0.9375,0.852475,0.5763429927130995,1110000101000000011100001101111111100111000111110010011011111011111010000111010000011110111101100111001110111000001101101110
15,0.9375,0.857375,0.5617879053461876,1110100011000111000111100011101100100011000011000110011011111011111010000111010000011110111001100111001110111000001101101110
16,0.9375,0.8580625,0.5596653456627038,0110000011000111001111100011101111101101000000110110011011111011111010001011101111001001100101111001010011101000010011011011
17,0.9375,0.8662625,0.5326666043555471,0110000011000111000111110010000010000100000111101000011000010111100010000111010111000000011001000111001110111001001101101110
18,0.9375,0.8666,0.5314842578710643,0110110100100111000111100011101111100101000000110010100110000010101010001101110111000000011001100011001110111000001101101110
19,0.9375,0.870025,0.5191382958261203,0110110111000000011000001101111001101100000101101010010100010111101010000111010000011110111001100111001110111000001101101110
20,0.9375,0.8813375,0.47329611292531343,0110000011000000011100001101011000110000100111101010011000010111000010001011010000011110011001100111001110111000001101101110
21,0.9375,0.8777375,0.48880482568244576,0110000011000111000111100010101111100101000000110110011011111011011110000111010000011110111011100111001110111001001101101110
22,0.9375,0.8874,0.44493783303730033,0110000010100111101001110010000010110100000111101010011011111011100011001111101111001110110001100111001110111000001101101110
23,0.9375,0.889325,0.43528348768917985,0111110011000111000000101101100010100011000011000100100000111100111010000111001111001000111101100111001110111010001101101110
24,0.9375,0.8906375,0.4285061149845698,0110100110000110011000001110111000100001000000110010100101000010101010011101100111000000111001100111001110111000001101101110
25,0.9375,0.891025,0.4264739619178713,1110000011001111110101110010000010100100000111101000011000010010101010001011111111001000011001100111001110111000001101101110
26,0.9375,0.8898875,0.4323986831649447,1110000111000000010000001001111000100011000011000110011010000010101000001101110000011101100101111001001110111000001101101110
27,0.9375,0.8911125,0.42601308690161876,0110010011000100011010001001110000100101000000111000110110000010101011001111101111001001111001100111001110111000001101101110
28,0.9375,0.893025,0.41575134377190953,1110010011010111000111111011101101100100000010100001011011110011111010010111010000011110111001100100001110111000001101101110
29,0.9375,0.8960375,0.39882169051340605,0110111111000111000000000011101010100100000000111010011110000011111011010101110111000000011001100011001110111000100101101110
30,0.9375,0.89415,0.4095418044402456,0110010011000000011000001101111000101111000110101010100110000010101010001011010000010110100101111011001110111000001101101110
31,0.9375,0.9003125,0.3730407523510974,0110110111000000011000001001111000100101000000100000100110000111000010011011101111001101111001100101001110111000001111101110
32,0.9375,0.8955125,0.40184232563703765,0110110011101111000110100011101111101011000111000000100011010111000011001011101001101110111001110111001110111000000101111110
33,0.9375,0.8996,0.3774900398406377,0110000011000111000100001101111000100101000000110000111010010010000011001011101111001001100101111011001110111000001101111110
34,0.9375,0.902225,0.36077729480951126,1110110011000111000000001101111000100100000000111010010110000111000011001011110000001010111001100111001110111000001100001110
35,0.9375,0.8977875,0.3885288002935064,1100000110100000010000001111110000100011000010110111010110000001101010001101101111000000011001100111001110111000001101101110
36,0.9375,0.90135,0.3664470349721238,0100110111000000011111100011101110100011001000101001011011011011111010010111011001011100111001100110001110111000001101101110
37,0.9375,0.90095,0.3690055527511356,0110000010000111000000001101111010100100001110101010011100011010111000001101110111010000111001100111001110111000001101101110
38,0.9375,0.9013,0.36676798378926045,0110000110100111101000000011101111100101000011000110011011111011111010001101110111000000111001100010001110111000001101101110
39,0.9375,0.900075,0.3745308981736305,0110000011000111000011110010000111100100000111011010001000010110000011001010101111010110111001100111001110111000001101101110
40,0.9375,0.904,0.34895833333333315,1110101011000101110111100011101111100101010000110000010010000010101010000011010000010000010000100111001110111000001101101110
41,0.9375,0.8989625,0.3814177904243474,0110100101000011001011110011101101100101100111000110011011101011101011000111000000011110101001100011001110111000001010001110
42,0.9375,0.904475,0.3457210154409838,0110000100100111101001010101101110100011000011000110011011111011111010000111010000011110111001100111001110111000101101101110
43,0.9375,0.90465,0.34452018877818597,0100100111000000001001011101111010100101000010001000111010010011100010001011101111000000000100010111001110111000001101101110
44,0.9375,0.904275,0.3470880125359098,0110001010100111100001110010000010100011000011010110011111001011111010001101110100011010000111110111001110111010000101101110
45,0.9375,0.90385,0.3499739989599581,0110100110110111010111100001111101100011000000101010001011111011111010001010101111001001100101111011001110111000000101101110
46,0.9375,0.9014125,0.36604539114999396,0100110111000111010111001011100010100101000000111000100010001010100011001111110100011110111001101111001110111000001101101110
47,0.9375,0.9069875,0.3280473054696953,1110000111010111100111110010000011100101000001110000000110000110101010000001010111001000000100000101001110111000011101101110
48,0.9375,0.9038375,0.35005849473547407,0110000011000000110000101101111000100010000000001010101010010001000011001111101000011110111101100011001110111000001111101110
49,0.9375,0.902775,0.3571612239650296,0110000111000111010011100011000000100011010110110010001000110011110110001011110111000101101101001011001110111000001101101110
50,0.9375,0.9078,0.32212581344902347,0110000010100111010010100101001011010100000101001010011000000010101011001011101111011100110001101111001110111000001101101110
51,0.9375,0.9016,0.364837398373984,1111110110100110100111101101101011000101000011101000001011011011100010001101010110010010111101100101001110111000001101101110
52,0.9375,0.9027375,0.357409073383884,1110010011000101000111100111010010100000100110110110100110000001111010001101110000111100100101111001001110111000001101101110
53,0.9375,0.9010875,0.3681283963098696,0010011010100111001000001111101110101011000111000110101000011011000011001010101101000000011001000111001110111000001101001110
54,0.9375,0.903275,0.3538382010855515,0110110111100111000111100101111111110101101011001010000000011011011110000110110010101110110001100111001110111000101101101110
55,0.9375,0.9045625,0.3451211525867711,0110110011100111000110100101111100000100000011000111011111111011100011001111110111001110011101100111001110111000001111101110
56,0.9375,0.90465,0.34452018877818597,0110100111000111000111111010001011100111000001111010011011101000000000000011001110011000111001100011001110111000001110101110
57,0.9375,0.9061125,0.33430967913726545,0110100011000111010111101101000011100010000110111110000000000101101000001111110101011010111101110111001110111001001101111110
58,0.9375,0.9037125,0.35090224587822905,0110000101000011001111100011100101100011101011000110011011100011001011000111111000011110111001100111001110111000001100101110
59,0.9375,0.90565,0.337572866984632,1010110110100111101111111011110111110110000101000010011111010011100011001101100011001000111001100111001110111000001100001110
60,0.9375,0.9065875,0.3309246621169544,1010010011100111101011110011111101100000010010110001011011111011101010011011010110111111111011100111001110111001001101001110
61,0.9375,0.89705,0.3929091792132102,0110110111100001011000001101111010100011000000110000100110010010101111001101100100000000001001101111001110111000101100101110
62,0.9375,0.905425,0.3391488236849059,0111110110000111100011110010001110110101000111101110001111111011010110000011010100011110001011110111001110111000111100101110
63,0.9375,0.905525,0.33844932521831156,1110001111110110111100000101111011100000000110100000100110010011010011001001010000111111101001110111001110111000000101111110
64,0.9375,0.8998125,0.37616968184653765,1010110011100110011111111110011101100101000001100111011000000111001010001011110001000101100001100011001110111000001101001110
65,0.9375,0.900525,0.37170143252073373,1100010111010110000111010101111100100011001011000110011000101111000011000111010111000000000010000111001110111000001101001110
66,0.9375,0.902225,0.36077729480951126,0110110001100110001111100011101000100101000001100100000110010011100010000111000010011111111111110111001110111000101100001110
67,0.9375,0.9059375,0.33554817275747545,0110000011000111101111101000100011100110000100110100110100010111011001001011010010111110110100100111001110111000101101101110
68,0.9375,0.8992,0.37996031746031744,1110000000100110000100100011111010101101000011000000010011111011000011001101110111010100011001100111001110111010001101001110
69,0.9375,0.9056875,0.33730947647448656,0110100111100011100010010010000010100011000000000100001010000011001110001011101000010001110101101011001110111010001101101110
70,0.9375,0.9007625,0.370197757904018,0110100110100111101000000011101111101101000001100100100110000011000111010101110001011100111001100111001110111001001101101110
71,0.9375,0.904925,0.3426242440178808,0110000111000100001011100010100111100101000010010100101001110011101010001010101111001001111101111011001110111000001101101110
72,0.9375,0.9016125,0.3647567018167956,1010000111100100011010011001111111100011001011100000101001110111000010010111011000001100110001100111001110111000001011101110
73,0.9375,0.9015875,0.3649180744316018,1100110111000110000011110111101110100101100100111001011111100001000001000101010001011110111001100011001110111010001001101110
74,0.9375,0.9047,0.3441762854144809,0110100101010111101010001011101111000001010011000110001000010110000000000111111111011110110101100111001110111011011011101110
75,0.9375,0.8992125,0.37988341808259973,1111000110000111101011110010110000110001010000110010110101111011101010011011101101001000011001100111001110111000100101101110
76,0.9375,0.8992875,0.37942162095072596,1110100111100111000110101111100101000101000011101010001100000000000011001011110101101101101001000111001110111000011101101110
77,0.9375,0.8996625,0.3771022798056557,1110010011001110010000101011101111101100101011001000111001101011100010000111010111001000101001000111001110111001000101001110
78,0.9375,0.9048125,0.3434011818778725,0110101110100010001011100010000001100101110011000110100010100010000011101110010000011110101001100011001110111001001101101110
79,0.9375,0.90125,0.3670886075949367,0100011111101111111011101010000010100101110111000111001110000110100001001001011001001110100101100111001110111000100101101110
80,0.9375,0.89985,0.37593609585621546,0110110001000110111011100001110000100101000011010000111011111111100111011101010010011000111011100111001110111001001101101110
81,0.9375,0.899875,0.3757802746566793,1011111010100111001111001000101011100000100001100010011100010111010111101011101111101110111011100001001110111000001111101110
82,0.9375,0.902425,0.3594670766077374,0110000110100001000111100011100111101100000100110110011011111111100111011101010010011111110011100011001110111000111101101110
83,0.9375,0.9052125,0.34063035737834646,1110100011001100011000001011111001100000010000110001011011000011010001001011101111011100100001100001001110111000011001001110
84,0.9375,0.9,0.37499999999999983,1110010110100110001110100110000110100001000011001010011011000011001000001111010000011110111001100111001110111000101100111110
85,0.9375,0.9048625,0.34305610300880296,1010000000100111101100011101111000100101000010000010100010001011010011000001010000100000000101110110001110111000011101101110
86,0.9375,0.902225,0.36077729480951126,1111110011000110011111101011101011110001000110100010111010010011111011011101111111101110001001100101001110111000000101101110
87,0.9375,0.90335,0.35333678220382836,1110100011000100011011001011101111100111100011010101111001000011000010011111001100111010001100011100001110111010001000101110
88,0.9375,0.9037125,0.35090224587822905,1010001001110111001011100001100001101111001000110000010000100010000010100110010111001101110001100011001110111000111101101110
89,0.9375,0.9052375,0.34045640416831535,1110100110010000000101000011001111100001000000010010001001110110000010001011110111101001110101100111001110111000101101001110
90,0.9375,0.9002875,0.3731979440892565,1100010111100111101000010011100011100110000101110001111000000011111010001001010000000110101110100100001110111000101100001110
91,0.9375,0.9052875,0.3401082222515506,0110110100110011001011110100101010100001000000110010111000000010001010000101010110001110111001000111001110111001000101001110
92,0.9375,0.899325,0.3791904643655324,0100010111001101000001001001101100100011100000010010000011110111001011001011001111101110101001100111001110111000000101101110
93,0.9375,0.90275,0.3573264781490999,1010000111000001100111100111010010100000000100110010011001111111001000001011001101001001101100100111001110111000001101101110
94,0.9375,0.9039625,0.3492125471820903,1100000010000011000111101101111001100101100000000000101000111001000011001110110000010010111100111100001110111010001000101110
95,0.9375,0.903825,0.35014296854691973,1110110011100010101101110010101110000101000001011001100111111111100011011101101111101110111011110110001110111000011101101110
96,0.9375,0.900425,0.3723324127542052,0111011011100111101010110010100010100101100100110110011011000011100010001011110000010110111101111001001110111010001101101110
97,0.9375,0.9055125,0.3385368434978168,0010000100100001011010101010000010100101100001111000011000000011101110011101100001000001000111110111001110111000000101101110
98,0.9375,0.903075,0.35517152437451666,0110000110110101011000011011111111100110000100001001011001111011101010111001100011010110011001100110001110111000001000101110
99,0.9375,0.90625,0.3333333333333333,0111011111000100000010110011101011100101000011110000010011000011001011011101100000000110000101110101001110111000001101111110
100,0.9375,0.8998625,0.3758581949818998,0111100000100100011111111110011101100100100111000110011010000011101010101110001101011110110101100110001110111000000100001110
101,0.9375,0.9033625,0.3532531367222872,1110001010000011001111100010000000100111000011101010000100000000000011001011110110011101110111010110001110111010001001101110
102,0.9375,0.9026875,0.3577392421323059,1100000001001111100111111010100101100000100101101000111111101010010010000010000110010101101101110110001110111000001101011110
103,0.9375,0.901825,0.3633817163228929,1010000001100011101101111011100101100101110011010010011001010111001011111011010100011101100101011111001110111000100101101110
104,0.9375,0.8993125,0.37926753569211696,0011001111000000011111111111011101100100101101000110011001010011111011011011101101001001001100111010001110111001001111101110
105,0.9375,0.90445,0.34589220303506035,0110000111000110000111100011001101010010000111000000011101111011101110000111101100011110110001101111001110111000001101101110
106,0.9375,0.9018875,0.36297617530895687,1110100011100110101101000101011110100100001110100010001000010011101011011111110001100000011011110111001110111000001101001110
107,0.9375,0.901325,0.36660755003800327,0110010110100111101111111000100100100101000010111001000110000110001010101111011111011101100101100111001110111000001101111110
108,0.9375,0.9070375,0.3276858948500736,1111001010000101000100101111011110100111100001000011011010001010001001001111000101011001100111100111001110111000101101001110
109,0.9375,0.8988375,0.3821821327072782,1110100100100101001111100010000011100000100101001001111000000110000010101011001110001110101011100101001110111000001101111110
110,0.9375,0.9021125,0.36151193972672724,0110010110110111010111110000000110110000000111000010011001010111000011101101100111011100111001110110001110111000011111101110
111,0.9375,0.9025375,0.3587277157881237,0100100011000101000010010010101101100011001111001011000100111101101000000010000111011110011001100110001110111000000101001110
112,0.9375,0.9032875,0.3537546852785316,0000000101001100010110001001001000000011101100011000100010001111101110100111111000100000111101100011001110111000101011101110
113,0.9375,0.9036875,0.35107073329007155,1100110101010111010100001010000011101011001011001000001001100010101110010000010001101010111001101111001110111000001101101110
114,0.9375,0.9006375,0.3709900616429741,1110000111100111000011100001111001000100000000110010011110010001101011001011010100011100110011000110001110111011011100101110
115,0.9375,0.8998375,0.37601397728690905,0110100001101101011100001100000101000001000010010001100110000110100010000011011000101000000001100111001110111000011101001110
116,0.9375,0.90235,0.3599590373783923,0110000110000111101111011000101001100010001110001000100010001011001011001101110100001110011000110000001110111010001101101110
117,0.9375,0.903925,0.3494665625813168,0111010110000111011111100001101111100111000001101001000000000101100001001100110100000010100001100111001110111000001001001110
118,0.9375,0.9021375,0.361348831268361,1111000011000100000111100111101010101001010000111110111011110010101101100011001111001100010000100111001110111001010110101110
119,0.9375,0.9018375,0.36330064943333784,0101010101000110101101010010001111101000000011000010001110000011010011001111111000011110111000110011001110111000001101011110
120,0.9375,0.9049625,0.34236485597790345,1110010010100111010001101011110100000100000101000000011010011011100011111111010100001010000101101111001110111001110101001110
121,0.9375,0.90045,0.3721747865394276,0110001111010110011000001011111101100000001001001011000100111001101000011011101101001000001100101011001110111010001010101110
122,0.9375,0.9029125,0.3562508046864941,0110010011100110001111110010001001100000001111101001100001111111111010000110101000000100100011100110001110111001001111101110
123,0.9375,0.9016625,0.36443371043599826,0110011101001001001011100000001101101000000001011000100101100011010000011110000101111001011001111110001110111011001101101110
124,0.9375,0.903975,0.34912783129393404,0010110010100110011010100001101101100110100101100010001111010110100011010111110010000000111000101010001110111000001101101110
125,0.9375,0.9062625,0.33324443259101233,1010110110101000001011101011101111001001100011001010001010111000111001011010110001001001110101100111001110111001001010111110
126,0.9375,0.8998375,0.37601397728690905,0111101110000110000010011111000011101101000011110001111011110111001001001011100101000100011001100011001110111000101101101110
127,0.9375,0.9050375,0.34184546531525567,0000000111000001100111100110010010100000000011100010011110000010100010000110101100001110110001010111001110111010001000101110
128,0.9375,0.90385,0.3499739989599581,0000110101100000000011010110111001101100000010000010000010111101101101101101100111001111100101110111001110111000111000101110
129,0.9375,0.9034875,0.3524154902214739,0110101110100011011001010010110111000100100110110010010000111010100001101010101100111100110001100010001110111000111101011110
130,0.9375,0.89845,0.38453963564746446,0110110111010101001011111011100011010010000000100000001110101011010010001111111000001111111101100000001110111011001011001110
131,0.9375,0.903,0.35567010309278335,0100001111100110111100000011101101100111011101111010001101100011000110000001111001111110101101100111001110111000100001101110
132,0.9375,0.8998625,0.3758581949818998,0101010010100110110001001110111011100101100100000110011011010011000010000110010000001010011010000101001110111000100100011110
133,0.9375,0.9020375,0.36200076559908095,1101101011100001001111010011000010100000110100100001000111111101101000011001101100101001101110100111001110111000001000101110
134,0.9375,0.904525,0.34537837130138765,0111101110010101011101001010111001110111000001010110100111010011101010101111110111000010100100101111001110111010011101101110
135,0.9375,0.9008,0.36995967741935454,1011010011001110100000110011101010000100010010110010010000111010100001000101110011001010101011100110001110111001011001101110
136,0.9375,0.9037625,0.3505650084426547,0110000110100110110101001110111011100001100000000101101000110100111010011111110100101001000010100111001110111010001101101110
137,0.9375,0.8969,0.39379243452958274,0101000110000101010111001010110111000100100110110010011000111011111001011010110001001001010101100111001110111001001011001110
138,0.9375,0.8988375,0.3821821327072782,1111001101000111101111100111101111100100000100000110011100111010111011011011010110111010001110100011001110111011111101011110
139,0.9375,0.903175,0.3545055512522596,1010011110110011100011000000101010101001000111101000011011000111000100001010010001000010001100110110001110111001101100001110
140,0.9375,0.9037,0.35098650051921115,0100000110000111100111000001100000100101110101100100111011000111000110011110100011101111100011110111001110111001100101101110
141,0.9375,0.9055875,0.3380113862041574,0110010111001100001101011010111001110101011001111010001110001010101010001110101111001000001100101010001110111011001111001110
142,0.9375,0.9032375,0.3540886190414673,1110001000010110010110011100100010100111000000000110011100111001101001011111101000001110101001101010001110111000001001111110
143,0.9375,0.9018375,0.36330064943333784,0100101011000100101110000010111001111100010100100010000100001110101011000011110011011111110000111011001110111000011101001110
144,0.9375,0.90135,0.3664470349721238,1110001110111001001101000001011011101000001101000000111100101010011011010111010110000001001001000011001110111001011101111110
145,0.9375,0.90385,0.3499739989599581,0100010011010110111111111011101011100101000001000011001010001010100011001011110111100111110101000111001110111001001101011110
146,0.9375,0.9001125,0.3742960830934803,1000110111101000000100010001011111100101110001000001001001111011100011101101010100011110110001100111001110111000001000011110
147,0.9375,0.9069625,0.32822786510815527,0111000111101111100111110010001010111110011011111100010110000000111111101110101110010011110100000111001110111000000101101110
148,0.9375,0.9037,0.35098650051921115,1111110011000101001000011011101010110100001101100110011000000010101001001010101101100000100100111010001110111000001100101110
149,0.9375,0.90015,0.37406109163745616,0010000101000010001011110010000110101001011111100001100011010110011011001010001110010000001100110010001110111010001111101110
150,0.9375,0.9021875,0.3610223642172522,1010010011001011001111101111011111101001010011000010000010111100100000111011101000100000111101010111001110111010101111111110
151,0.9375,0.9028375,0.3567477164543937,0100000110001111111001000000111010001101100111110000001010100111001101001001110100011010101101100011001110111010011101101110
152,0.9375,0.9041875,0.34768427919112826,1000000011000011000011010001100110110000000001010000111101001000111111001011011101001000111001100111001110111010011001101110
153,0.9375,0.9036125,0.35157567111918014,0111000001110111101101001010001101110001010000100110110011000011100111000001110000010101101100000011001110111001011101101110
154,0.9375,0.9005,0.3718592964824123,1101100111000100101011010011101111100011010101101100010001111001100011001111110001101111111001100011001110111000010010101110
155,0.9375,0.905025,0.341932087391419,1111001110001111001011011010000110100100011111100000100011010111001110101111011100011000000101100011001110111001101011011110
156,0.9375,0.8998875,0.3757023348732679,1110110110100100011111101001100001100101001101101110000101100011100111101100101100101100011101100011001110111000001111001110
157,0.9375,0.9048375,0.3432286877709184,0110101110001101101001100101000001100000000011010101100011110111010100000010011100011110010001100000001110111000011011011110
158,0.9375,0.9040625,0.34853420195439744,0010000010011110001110011001111000111011101000001110000110000101000110001101100100000000101001000011001110111000000101001110
159,0.9375,0.9027375,0.357409073383884,1000010101100011101101001001111110001010100001000011011000001110000010000111011010001110001100101011001110111000111000001110
160,0.9375,0.901725,0.36402950903078096,1100000100110111111111001110100110100001000000111010111001000010101110010000000000001110110001111011001110111010001001101110
161,0.9375,0.8959875,0.39911068381204157,1001110110000011110010100110110011100111010011101000010100110000000010101101101100011110101001100001001110111001011010101110
162,0.9375,0.904025,0.3487887470695496,0100110001001001000001010010101110000000000100110011011000001010110000001011100001011101001011110011001110111000001001001110
163,0.9375,0.901175,0.36756893498608684,1000001110000000111000111010001100110101010000110000010100011010100011001111110011101111111100100001001110111000001111101110
164,0.9375,0.9047875,0.34357358540107674,0100100011011010111000011011011011101001101000000100010110010010101010000001011011011000000101100011001110111001101011011110
165,0.9375,0.903475,0.3524993524993523,0110110001001011000001110111011111110101101001001010000000011011111101001110001100111000000001100000001110111001001010101110
166,0.9375,0.9011125,0.36796865124510186,0001100100000000101011100111101001100111000101000100000101111010100011001111110000011100110001100011001110111010001111011110
167,0.9375,0.90275,0.3573264781490999,1010000110110111111100000111100001101111001000110001000010110111001010001110101110000001110101010111001110111000001000101110
168,0.9375,0.899425,0.3785732040765596,0100110111000100001101100011100111100001000000100000111010010010100011001110010100011100111111010110001110111000001101111110
169,0.9375,0.90435,0.34657605854678525,1000011011001101101111110000010111100111001000110001101011010110100000001000111001011000000101100010001110111000101100101110
170,0.9375,0.905675,0.33739729658097,0101000000000101101011100110101100100101001011110111001010001011101010101111001100011110110001010101001110111000010101001110
171,0.9375,0.9050875,0.3414987488476225,1010010111001100101111100010101111100000000001000001010000010010100001101010101100001100110001100011001110111000001101101110
172,0.9375,0.898725,0.38286842754875344,0100100001001110000110001010001000100000001100000010001010011010000111000110111011111101110101111010001110111010001001101110
173,0.9375,0.9006875,0.37067337948395235,1111000111000010111000111011100001101101001011110001010000111011101011011010111010001010110011001011001110111000101100101110
174,0.9375,0.9005,0.3718592964824123,0100011001101110111101001011110110111101110010110100111001000010101110010111000100111101110011101001001110111000111001101110
175,0.9375,0.901875,0.3630573248407645,0110100010000110111011010110101011100111000000000010111010100010011010011001100011000011100101100111001110111000011111101110
176,0.9375,0.9066875,0.3302076356329539,0110010101011011011001011101101101100000000011010001011011000100110111001100100000001111110100111111001110111011001100111110
177,0.9375,0.903575,0.35182784547575824,1010100110010110001011101110101111001011100100001110111100010101101111001011010001001000000001010000001110111000000101101110
178,0.9375,0.899375,0.3788819875776395,0000100111000010101001110100001100001000000000111001010000010001000011001110010001001001101010101111001110111000001011001110
179,0.9375,0.90315,0.3546721734641197,0110100101000101010111101000001111101111100011000010010000111100100011010011011100000010110011001011001110111000101000111110
180,0.9375,0.9040375,0.3487039208023964,1010100001011011100001001101010010101101110111111100000011000111000010011001001110011100111000100111001110111000011111111110
181,0.9375,0.9012,0.3674089068825911,1100001010000110001001100001100001101101001011101100011111001010000011000101100101010001111100100000001110111000101001101110
182,0.9375,0.905525,0.33844932521831156,0010100010101000010010011110001101000100000110100001101100110010111011100011010100000011100011111011001110111000101111101110
183,0.9375,0.9019,0.36289500509683975,1111100111101111010001010010101010110110000000100011011100100011111111101101101100001000111111100111001110111000011001101110
184,0.9375,0.9039375,0.3493819128171767,1110001001100111100100111000110011000001000000100011110110111111110111010101000001001000110001110111001110111010001101101110
185,0.9375,0.9030125,0.3555870601881686,1001010111100111100001011011111111000101001011100010010111110111001011101011001010000010100001110111001110111010011011101110
186,0.9375,0.9011625,0.3676489186796511,0111000011010110110111100000000100100010010000000000011011010011101101000101111011000011110000100111001110111000101101101110
187,0.9375,0.90385,0.3499739989599581,0000110110011110001000011001000010000001010011100011010111000010111000001111011110011101111101110001001110111000001101001110
188,0.9375,0.9009,0.369323915237134,0010010000101000011001111011101111100001001100011100010110111100100100001011101010100000010001100110001110111010110101001110
189,0.9375,0.8996375,0.37725744177357096,0100100111000111101111001111010111100000100011001000011110110010100111100011011110001000001001100110001110111000111011111110
190,0.9375,0.9004375,0.37225360954174513,0001110101111011001100010100101111101000000101000111000111000011010000011010101011001110110001101000001110111010001101111110
191,0.9375,0.8998125,0.37616968184653765,1001001010000111111011001111010010111001100000100110101011011000111101010110010100011101101111000001001110111001101100001110
192,0.9375,0.9017875,0.363624793178058,0110011001101110110110011011101111100110000000111000000100111011110111010101000001011100111101110010001110111010011001111110
193,0.9375,0.904675,0.3443482821924993,1011101010100111100111100100110111111001101000110100000110011010100000010011001010100010101001100011001110111011001100001110
194,0.9375,0.901,0.36868686868686856,1110000101100110001011100101100101100110100100110000001011001010110011010111101111111100011001110110001110111010111001101110
195,0.9375,0.906075,0.33457545914293346,1110000000100111001100101000011010000001001011000101011001110010001111010011101111110100110011100101001110111000001001101110
196,0.9375,0.9029375,0.3560849967804253,1011100111110111010110000010001001101111000000111100110011010110001111101111011001000110110011101111001110111010100100101110
197,0.9375,0.9045375,0.34529265418357996,0010010001000110011110010011001001101111000000110101000010110111001010000110100111011111110000001111001110111010001011101110
198,0.9375,0.9048125,0.3434011818778725,1110000000001010111011100000001100001111100110000000110100010110110001100110110100100001110101100101001110111000101100111110
199,0.9375,0.9055625,0.33818663136995336,0110011011010101110101000001001111100111000100100100100001000001111101101101110100010000100111000011001110111000101101101110
200,0.9375,0.9002125,0.3736690467242893,1100100011000001010111000001100001101011011000110001100010110110001111101001111010110110100101100001001110111000111100101110
201,0.9375,0.9032,0.35433884297520657,1110010011100001101110011001000011100011000000010011100000110011000001100101000100101111100010100111001110111000001111101110
202,0.9375,0.9053625,0.3395852595429933,1010000011010001000111100010111011100001011100100000001110100111111011000111010101010001010001101010001110111000010011101110
203,0.9375,0.90145,0.3658041603247084,1000001011011010110111110000111011111101000011100011001011011101110001011011001011111101100001100011001110111000001101001110
204,0.9375,0.90005,0.3746873436718358,1010101111100111001010010011010011100101010001100110010000000001110011001011101000011110110001110110001110111000001111101110
205,0.9375,0.903175,0.3545055512522596,1111010101000010001111001001110001101001100000000000110110010110011111000010100101011000110111101111001110111000101101111110
206,0.9375,0.9004625,0.3720959437397962,0101000100000100110111100000010110100110110010110010111110110011001010010010010100001100010001000101001110111010000001111110
207,0.9375,0.89945,0.37841869716558946,0000000011010001000111100010100111101101100101100110111000011011111011111110010000011111100101100110001110111000101101101110
208,0.9375,0.9007125,0.37051491879642434,0001100110000010101100110010110011100110000011111110110100010010111100001110111011011111111010110110001110111010111001101110
209,0.9375,0.89635,0.3970091654606851,0100001010100110000011000111101111000000000011010011111000100010100011110110001111101001000101110011001110111001011111101110
210,0.9375,0.9071125,0.3271430493877003,1010101101100111101011011010011001100100011111001111010100011000101101000011011110000001111111110101001110111011000100101110
211,0.9375,0.8993875,0.3788048204745931,1111011011001110100010100111000010000001101011000101100000000000000011001010011011111000110011100110001110111010111011111110
212,0.9375,0.9045375,0.34529265418357996,0100001111100111001010000011111111000101010001100110010000000001110011001110110111110110001101110101001110111010001111101110
213,0.9375,0.9002375,0.37351209121663936,1001110011100001101011100011100110101011010101010010001010011101010001011010100010001010100100111011001110111000001011111110
214,0.9375,0.9014,0.36612576064908736,0010010101110010000110101000100110100001000011000111010111110010000011101101100010000000000011000011001110111000101001111110
215,0.9375,0.8978,0.3884540117416827,0011100011001101101110111111000100010001011011011001001011001010011101010110000110011001010001110011001110111001011000011110
216,0.9375,0.9013375,0.3665273026732547,0000100000100110011110011011101011111100000101011101110010011111111101010110001111101001000110100111001110111000001101101110
217,0.9375,0.9037,0.35098650051921115,1110101011010011011011011010001100110001011001010101111010010001110001010100011101000001000101010011001110111010001111101110
218,0.9375,0.906925,0.32849852269675006,0010110001000111010000011110011110110011100001110101001001010011111010101011000001000000110001110010001110111000011111101110
219,0.9375,0.9002375,0.37351209121663936,1110000011001011111010000111101001111000110011100001110011110011000101001111110001110101110001110111001110111000111001111110
220,0.9375,0.903975,0.34912783129393404,0101001111000010100101111101100101110100000011001100010000101010001101010110001111101000110001001010001110111010011000001110
221,0.9375,0.903825,0.35014296854691973,1001011001110000100001110010101001101111000100101101111110000000100010011010011011111100000001001000001110111001101111111110
222,0.9375,0.8951375,0.4039814042198115,1000100010100101000011001001010000100001000010100100010000000001000011011110101101111110010001110011001110111001101110101110
223,0.9375,0.90475,0.343832020997375,0111100111000111000101100001100111101010000001111010111111010000001001000111010110001011101100110010001110111001011101101110
224,0.9375,0.90325,0.35400516795865633,1000001110010110011011101011001100101011110111010011010100011011001011011000000010001010100101011111001110111010001100001110
225,0.9375,0.902925,0.35616791140870474,0111110111001011010000010000101011100001010000100000001110101111001111011011100010100010110101100101001110111000001100101110
226,0.9375,0.90465,0.34452018877818597,0010100111000101101101100101101010101111000100100110010001100001111000010011110100000000000110001101001110111001011010011110
227,0.9375,0.904875,0.34296977660972416,0011111110100110111101000101011011100010001001010001101000001101101011010111010110010000110101100001001110111000011101011110
228,0.9375,0.9062875,0.3330665599573161,1100000111000111111010110010110111001100100010001011111010000001000011011110101011000100000111000011001110111010001001001110
229,0.9375,0.9049,0.34279705573080943,0011010111111001110111000011001011101001110011100101011000111101101110001010110100000000111110110110001110111000001101111110
230,0.9375,0.9033125,0.35358758888170677,0100100110100100101000001011001111001100001011110110010001101011101100100100000110000001010001100111001110111000000011001110
231,0.9375,0.9007125,0.37051491879642434,0111000111000111001101100001100111101010000001111010101111011101011010000000110000010000111100100111001110111000111000111110
232,0.9375,0.90495,0.3424513413992633,1011001010000010011011010110101011100111001111111010100010011110001110010110001011001001111000010101001110111001001100101110
233,0.9375,0.9032375,0.3540886190414673,0100111100000011100001010001110101101101001100000010000011011001011001011110111001101001111001011101001110111010111101101110
234,0.9375,0.89955,0.37779990044798434,0100001001001110110000110010100011110111101110010010001010110010011011001011111010010101011101000100001110111000001101111110
235,0.9375,0.90125,0.3670886075949367,1110011100000010100111111101100111100011110101000101111000101100111000000111010011101001111001100100001110111000010101101110
236,0.9375,0.90225,0.360613810741688,1010000011000100011110110011011001001111000001110111110000101000101110100101100001001010110101110011001110111011011111101110
237,0.9375,0.8998625,0.3758581949818998,1010010100010001001010111101101101100100001011010000000010110101010100110001100110011101111101111111001110111001011111101110
238,0.9375,0.8996625,0.3771022798056557,1110000110100110101000011001101010110100000011010011010101100010101011000110011001101000001010000011001110111001000111101110
239,0.9375,0.8983375,0.3852207057666297,1011110010011001101011011010110010010000111011010101111000110011111011000110011111011000001100100000001110111010000001101110
240,0.9375,0.9009,0.369323915237134,0101000110010001000000011001000111100000000000111111111101101100100011100001001001100100110001000111001110111000011010011110
241,0.9375,0.9042,0.3475991649269311,0010111101000110001001101010110101101010000011011011011011100011100001011010001010011111000101110011001110111011011011111110
242,0.9375,0.9009,0.369323915237134,1110000010000110001011000100001111110011010001000100111100011011100011101000101111001111100010101110001110111011101110111110
243,0.9375,0.9009875,0.36876656987754036,1010000111111011101110001100100000110011001001011011001000010010101001001010111111101001100110100111001110111010011001101110
244,0.9375,0.9019,0.36289500509683975,0110111111000110001101110001101010100101001001011000000011000110111101010101001100010110111011101111001110111010011110101110
245,0.9375,0.90295,0.35600206079340524,0100011000000100101001110010110101111110011000010101111011100011100011000111000110011001101010111111001110111000001001101110
246,0.9375,0.901225,0.3672487977727154,1000000011101111101011011011101101110001000000110001100111010000111101011010011011111000101011011010001110111000111101001110
247,0.9375,0.900825,0.3698008570708345,0110011011101110001011011111010110001101001111100111000001001101001110000110011001110011100101110010001110111010101001001110
248,0.9375,0.901825,0.3633817163228929,1101000000100000010010110011111010100110001010100001100100110011010010000101000111010000101100100000001110111000101100101110
249,0.9375,0.90255,0.35864545920985147,1001110111110101010010000001010010110100011000001001001100001000100011110001010011110001111000100110001110111000001110001110
250,0.9375,0.9019,0.36289500509683975,0110010001101110111111010011000111110001010000100100000101111110100101011001100110111101100101011000001110111011101001101110
251,0.9375,0.9059875,0.33519478792713775,0110100110110101000001100001000110110000100010110001101110100011110110001001011110001101011100100111001110111000011001111110
252,0.9375,0.9033375,0.3534204060519849,1100100010111001101011011010111100100110000111000001011000011111010001101111101100011111000101110011001110111000001100111110
253,0.9375,0.8971125,0.39254039606366187,0111001110000110001010110111101110011001000101111010100000011110100101001000011001001100111111111101001110111010010100111110
254,0.9375,0.9054,0.3393234672304441,1101001110100111001100001000011011000010001010000110100111111000101011010011001010110100111001100010001110111000000101011110
255,0.9375,0.9049375,0.34253780407626594,0101000000110000011100101010011011100000011110111001010000011111100001010111101001100010000000100001001110111000001001111110
256,0.9375,0.9035125,0.35224770047933635,1100010111000000011011001000000111000011100001111010000011001111100000001110000001100000010000111111001110111001001101101110
257,0.9375,0.9048,0.34348739495798286,0110010100100110011100001000011011000010001101000110111010010001011100001101100100010100110010000111001110111010001011111110
258,0.9375,0.901425,0.3659650012680698,1100100110100111110101010101010101100101010101110010100000000001000111111011101011000001001100010010001110111000101101011110
259,0.9375,0.902325,0.3601228564115687,1100011110110000011100011001000110101001001111110100011110100000110011001101011100000100100110100111001110111000111100111110
260,0.9375,0.9065,0.33155080213903765,1110111111110110011111101001010111000010001011100011000000110110100111100111110001101001100000100011001110111000011011111110
261,0.9375,0.905575,0.33809902038655004,1000000101000011000111111101001010110101010111010011101100100111100011001010101011011101000001100110001110111001011001111110
262,0.9375,0.9017375,0.36394860704744963,1001110100010100011000010111001000101111100000101001001010011000101001001011010010000010111001001011001110111001001110111110
263,0.9375,0.9028625,0.35658216445759866,1010100010110011001001101100110011110110111001010001100000000100110111001110010100011011100100000101001110111001000101101110
264,0.9375,0.9025,0.3589743589743592,1110110010011110011001011110101010001001101000100100000000001011100010010100111100011100001111101111001110111001100001111110
265,0.9375,0.9042375,0.34734368881347066,0100000001010110011111011101111010000100011010100110011011000100010010001001110101111101111001001000001110111000100100111110
266,0.9375,0.9048625,0.34305610300880296,1000100000110000000000101010110011100000001110101001010110000011001110101011101101100100101101110010001110111010001111001110
267,0.9375,0.9016625,0.36443371043599826,0110011111100100101011100111111011110001000001001001010110011011110111001010110010010100011101010101001110111010111000011110
268,0.9375,0.9043875,0.34631978036344613,1010000010001100010001000010001010111100001011010111010110011101001101111011010101111011011101010011001110111000010011101110
269,0.9375,0.90035,0.3728048168590066,0111101001101100010011001111010110110000100000010000101110110000001110001101000011001001000000001100001110111010001010111110
270,0.9375,0.9029625,0.355919103439392,0111001111010110101010100001011011001101000000110101011010011000101001001011010000010000101110001111001110111000101000101110
271,0.9375,0.898675,0.383172958302492,0111110100100100001010100010101111000010100011011010001101111011100010000101010100111001110001011111001110111000111101111110
272,0.9375,0.897925,0.38770511878520714,1010000010110100101010110001111010010000010101100100000100111011110011011000000011100011001000100001001110111011101101101110
273,0.9375,0.9046875,0.3442622950819674,1110111100100001000011110001111101100010010111000100000101110010110100010111100011001000100011011111001110111000011100101110
274,0.9375,0.8997,0.37686939182452606,1010100001101111010010001101100101000010011001100110001110100000111110100100100000000111010011100000001110111000011110101110
275,0.9375,0.905175,0.3408911152122334,0010010011000110111000101011011010000001001001100000111100010010010101101010010100100011011010100001001110111000001110001110
276,0.9375,0.896425,0.39657253198165565,1010000011000111111001100101110001100111000111110010001011101000000010000011111000001100000101001111001110111001001101101110
277,0.9375,0.9025125,0.35889216566226406,0100011111100110111001101010001110000111101111010100111011100000010111011010011111110100000101110011001110111001011110101110
278,0.9375,0.89845,0.38453963564746446,1011000100101100010111110100101000010001001011100010011000010111100011101111000000101010000000100011001110111001011011101110
279,0.9375,0.9052625,0.3402823591502839,0100001100000111110100011111001000101010110001111010011011000111110101000110010100110101110001101001001110111001001101111110
280,0.9375,0.9023375,0.36004095737872766,0111011001110110001000111101001110110001100101011111010110000010100001010101100111001010000010001011001110111010010100011110
281,0.9375,0.9034625,0.3525831930596922,0010101010010110011000110001001000010010100110111001010110000011010111011011111111110100110011110011001110111001011010011110
282,0.9375,0.902125,0.36143039591315484,1001000000110101100000011000011111110100100101000100111110011011111111000011001001011100000111010001001110111001001011101110
283,0.9375,0.902925,0.35616791140870474,1011100110100001000011110111101111100101000001010100010100001101011011001110001010011111010100101010001110111000011100011110
284,0.9375,0.90095,0.3690055527511356,0101010010001001001011100011011100001011110000000011101000111011110101000110011100111000100001101101001110111000001101111110
285,0.9375,0.903,0.35567010309278335,0011010011010000101010100010100100100000100101000010111110011000101011111001001111101110000011101101001110111010001000101110
286,0.9375,0.9007125,0.37051491879642434,1110101111101100001011110011010111110000101100101100101110101101100100000101110010010101011000100011001110111010001000011110
287,0.9375,0.898525,0.38408474993840835,1001000110000100111111110111110011101011100100110000011000110001100100000111011011101100101110010010001110111000101101011110
288,0.9375,0.90395,0.34929724102030174,1101000010101101111111001000100100010111100101101000110000111110000111001011010000010001000101010011001110111000101100011110
289,0.9375,0.9009375,0.3690851735015776,1010000000111011101100011101111001100010101000100100000111100010100001001001011001101001100101101110001110111001001011101110
290,0.9375,0.90315,0.3546721734641197,1000110011000011100011100001101001000111000100110100000001010010110011010100011001011111011011100101001110111011101100011110
291,0.9375,0.9049,0.34279705573080943,0010101100100011110100000101111101010011110111110001001010010000100110110010111101001000101001111011001110111011101110101110
292,0.9375,0.8976,0.3896484375000003,1110110011100100011001011111001010101000100111110110101001001110101101000010001000010011100100100101001110111000000101111110
293,0.9375,0.90225,0.360613810741688,0100001111101011011111110001111011110010000101010010000100001101000011001110001110111000100100001011001110111010010111101110
294,0.9375,0.901375,0.3662864385297843,0110110001000011100111100101101011100010010001011001111000111000011001011110000101011000110101000101001110111011010101101110
295,0.9375,0.903575,0.35182784547575824,0110110101111101001001110001001110000101011011110010000100110100000000000001100111000010110010110010001110111000001000111110
296,0.9375,0.90305,0.35533780299123247,1001100010100111110111110111110100000101000110100010001111101001100010010010000001010010110111001001001110111010010101101110
297,0.9375,0.900475,0.37201708113539295,0100001100101110110110110100101000110001000001100101000010110011101001001011011000010100011000001011001110111000001110101110
298,0.9375,0.9042875,0.34700274258848096,0010100011001100111001110101101010111110001001101110010101110001101001011010001001010101000001110110001110111001011000011110
299,0.9375,0.9027375,0.357409073383884,0111010011100101110110110011111010100000001000101000001010110111010110001010110000101110110000000010001110111001110000101110
300,0.9375,0.9015625,0.3650793650793648,1000111111011110001000011011001111000011000000100000011000010110000110000000001011101001110100100000001110111000000111101110
301,0.9375,0.9034625,0.3525831930596922,1000100010001010101011110111111101010010000001100010000100111011110101000011110010010110110101000100001110111001000100001110
302,0.9375,0.9045875,0.344949561116206,1100100010000111011111101111101111110100011111100010010000100001001110000011010101001101101011010001001110111000001101111110
303,0.9375,0.9025375,0.3587277157881237,1000110000101001010011100111101010101101011001010011111001100011000010101110000001001010101101010110001110111000101011101110
304,0.9375,0.8968,0.39437984496124007,0111011001011110101011101011000010100001000110111111011100101010110101011011100101100111110100100111001110111010011000011110
305,0.9375,0.9054375,0.3390614672835426,0110111111000110110111001001111111010010010100000101011010011000100001000011001010100100101010101111001110111011110111011110
306,0.9375,0.9053,0.34002111932418166,1100000000000110001100101011000001001111001110100010011011100011010111000011001111100100010011000110001110111000000011001110
307,0.9375,0.9035,0.3523316062176168,1000101100101010001110010100111000001010000101110100000000101011100111001010010101011011110000000111001110111011010101101110
308,0.9375,0.8971,0.3926141885325558,0100001110110001001010010111001101110011101001100100010001100110000100011010111011011000011000101101001110111001110110011110
309,0.9375,0.8997625,0.3764808579623393,1010111101000011110000001011100111100101111000100011111001100111000010001110000101101001100110010110001110111000011100101110
310,0.9375,0.9014625,0.36572370924774794,1000111110010010000110101000100010101101101010100000000100110010011010100100010111001010101100001001001110111000001111101110
311,0.9375,0.90045,0.3721747865394276,0011111100101100110100011011010010101011000010011100000010111010100011001110101000010100001111100101001110111001010001011110
312,0.9375,0.8999125,0.3755463969027101,0111011110010010011110100011001101100100011101111000010010000101000111010010001000110101000101101110001110111011011001101110
313,0.9375,0.9041125,0.34819449876156966,1111110010010111110100010110011110001101000111001110110101111111010110000001100111001110111111111001001110111000101001001110
314,0.9375,0.903975,0.34912783129393404,1100010110110101000111011001000101110000001011100010010000100000000001011111100001001010101101010110001110111000101011001110
315,0.9375,0.9012875,0.36684817019121174,0001011001100110101110011000001111000000001011010111111000100100010110010101001011101001100011010001001110111001100001011110
316,0.9375,0.896425,0.39657253198165565,1110111011111000100011101010011100100000001000010010110101011011110101001100000111010101111000000101001110111011011110001110
317,0.9375,0.9033625,0.3532531367222872,0101100010011001101001101101101000000101000110100000001111100010011010010000001000110100110010111100001110111000000101111110
318,0.9375,0.8977,0.38905180840664677,1010100000110001000000111111011000000101010011000001110100010110111111001010001000110011100000100001001110111000001010111110
319,0.9375,0.9011375,0.36780882538879733,1001110100001110011001001111111011010111110011110010100000010000010011101001111000001100011100111001001110111000110011101110
320,0.9375,0.90355,0.35199585277345796,0010111010001110000000111000101110000000001111100110110111100010111000100111010111010010100100100100001110111010000010011110
321,0.9375,0.903725,0.35081796935860815,1010001010111110101011101101101011100010011011101011010011111010110011000001010001101011001001110100001110111000001110101110
322,0.9375,0.9007875,0.37003905757843036,0010000110001111110000111011111100000010001110111011100001001000101011111010101000000011001011011010001110111011100001101110
323,0.9375,0.8999625,0.37523428714232165,0101110000001100101001110001110001000001000001101100001010011011010100011010011100111010000101100011001110111010010011101110
324,0.9375,0.901525,0.3653211474993652,1010101000001001101001010101001011000111110010111001000001001010110100100110011100111010000001001111001110111001011100101110
325,0.9375,0.9009625,0.3689259119020573,1011100111100110110101000011101110101000100001110001010101100100011011011001000100101101100101100000001110111001000101001110
326,0.9375,0.900225,0.37359057880230484,0010101000101101101100010011001000101100010100100010100011100000101101001000110101010010100111000101001110111001101000101110
327,0.9375,0.9032625,0.3539216953094717,1010000011011100011000100100111011111110001111010111111010100001100100010100010010110110101011110010001110111000001101111110
328,0.9375,0.9011,0.3680485338725985,0010110111011011011011001000011011100110011101110100010011000110111111011010111100110000110101000011001110111000000100111110
329,0.9375,0.903775,0.35048064432320086,0010100001100111001011110111111011000111110010110011000111110000011000111101011010001000100111100011001110111011101110001110
330,0.9375,0.8993,0.3793445878848064,0001000111011011001010110100101001000111110000011010111100000011011101010011110110011100001101001010001110111010000100111110
331,0.9375,0.90085,0.36964195663136634,1011001110001100010110010111001010111111001111111000010110100000100101001000101111010010110100000101001110111010000011011110
332,0.9375,0.905425,0.3391488236849059,0110101111010110001111000111100011111010001111100101010111101011100111111011001010111011110101100111001110111001010100101110
333,0.9375,0.90115,0.3677288821446636,1111111100010010000101110111110000111100100100110110011101010010010010011100111100010011100001000011001110111000000101101110
334,0.9375,0.9021625,0.36118563945317506,1111000110100011101000110101001111000101100011100100100011000000000011001111110111111101001001110000001110111011110100101110
335,0.9375,0.90265,0.3579866461222397,1010101000111001101111101101000110000100010100100010100011011111111011101110111101011010100100110011001110111001011110111110
336,0.9375,0.9033125,0.35358758888170677,1000100100001001011010101001101100000010001110111011100001001000101011111010101000000011001011011010001110111000010101011110
337,0.9375,0.9021125,0.36151193972672724,0001100011000010111100001001001100100101101110110100110110100011000001100110111100101010000110001011001110111001010101111110
338,0.9375,0.9008875,0.36940345566906324,1000100010110001000000110000001110100101100111100100100101100010000111001110101111010000010111000000001110111011000111001110
339,0.9375,0.9013125,0.3666877770740978,1010000110111101101010011111101101110111010001101101110001001111111010101110111000010100001111100101001110111000000101101110
340,0.9375,0.9031125,0.3549219455554123,0110000000000010111111100001011101110011011111100110010000110010111111000001110010000100001101100111001110111000111100011110
341,0.9375,0.9037,0.35098650051921115,0100111100011010011101111101000011101110100101000111100101011100000011111010001111011110001101010110001110111001111011101110
342,0.9375,0.9017875,0.363624793178058,0001000100110110101001110001110001000101000010111001110101011111111111101010011011100100110100101111001110111000001001111110
343,0.9375,0.9037125,0.35090224587822905,0100111100000110011001001000011100001100100101100000011011001011111110000101110100010001110101010110001110111000010101111110
344,0.9375,0.90105,0.3683678625568468,0101000100101010100010001011010100100001101101110010111100101011110110011100000101010011110001011000001110111001001011111110
345,0.9375,0.90135,0.3664470349721238,0000111110001001100000111110000001011010001110111010100001001001101100000011110100111011100011110010001110111001011101111110
346,0.9375,0.905525,0.33844932521831156,0100110100101100011100110110001010111010000111100000001011011010000011111001111101001000000100000101001110111000110100001110
347,0.9375,0.9020125,0.3621635412680189,0111001100100101001111000001110100100010011001110000000011001110101001011111101101011100001011110100001110111001111110101110
348,0.9375,0.903475,0.3524993524993523,1011000000111110001001100010110111110100000001110101101101011011000100011011001010010111001101001110001110111000010101111110
349,0.9375,0.8973375,0.39120905880920487,1111111001101110010111100011111001011001100010100001001101000000110010001000011010001100100000001111001110111000101101101110
350,0.9375,0.9008875,0.36940345566906324,1010001010101110000001010001110001100100011101010100000001010110111111110110101101100001010111000101001110111010111001111110
351,0.9375,0.8982875,0.3855229199950841,0100000110111110101100010011001110110000000001110101101000010110101111010101011110010000000110100001001110111011101110111110
352,0.9375,0.903575,0.35182784547575824,1110000100000001111100001000110100100101011111110110101001110010000110010101101101101010100101000111001110111001010110101110
353,0.9375,0.903475,0.3524993524993523,0001010001110101010110011010001011010010000011010000000010100010101011110111011001111101010011100101001110111001010100101110
354,0.9375,0.905725,0.33704587642535133,0111010001001000011111101111111110100101100101011110000101000010100101111100000101100010110001110001001110111000000010101110
355,0.9375,0.9061,0.3343982960596378,1111001111011111001111100000011100110011001100010011001000000011010011011100011101000000001011010100001110111001110111011110
356,0.9375,0.9028625,0.35658216445759866,0011000000101110010110111101000011101101101100101010011010100101010010101001001010000111100000101101001110111000001101111110
357,0.9375,0.9002375,0.37351209121663936,0010011101101101001011010011110110110111101110101100000110011001010010001000010010001000101001101110001110111011100001101110
358,0.9375,0.9067625,0.3296688564150689,0111101010101100101011111100011011101110010000101000011111100001100111001001001100110010000111101000001110111011000101101110
359,0.9375,0.90105,0.3683678625568468,0010011101101101001011010011110110110111101110101100000110011001010010001000010010001000101001101110001110111011100001101110
360,0.9375,0.901675,0.36435291126366637,1100100100100001001110010001010111110010100101110111111011000001100101110010011000101000100011000001001110111001110100011110
361,0.9375,0.90125,0.3670886075949367,1001000010111111011100010010111100001000010111010010101101011010010001010011110000100100000110100000001110111001100000011110
362,0.9375,0.90015,0.37406109163745616,0000011011101110111100010001001101110011101001110110000001111000010111111011110001000011010101001101001110111001001100011110
363,0.9375,0.902725,0.3574916473914161,0101000111111010100001010101101000100001100010100101000110100010111110011111110010010000110001001110001110111001011111011110
364,0.9375,0.9019875,0.3623262338987371,1010111100110011100110001001100010111101001100000000011100111010110110011000011001001100100111101111001110111000010001111110
365,0.9375,0.902375,0.3597951344430215,1001111110101100101010101001101110000101000100100011011100000001100110001110011100101001011010110010001110111001001110011110
366,0.9375,0.89645,0.39642684693384855,1011101001001001111011010101011011000001001100000001011010110010000110100001100100110110001111001000001110111010000010111110
367,0.9375,0.9010125,0.3686071473670918,1010110111010110011000110010110010101110110011110001010110000010101100000110010100011000010001100110001110111001000100001110
368,0.9375,0.903875,0.34980494148244484,0110110101001011011000010000101101010100011101111110000001100000111100010101011111110010101010110000001110111010011101111110
369,0.9375,0.9038375,0.35005849473547407,1111110011110110011000110011000111100101011001011000100101101110111111001110100011101111000110001111001110111010101111001110
370,0.9375,0.9049625,0.34236485597790345,0000011100110001000000110000101100100101101010101110010100110111011011100001111001010000110111101110001110111000101110101110
371,0.9375,0.902,0.3622448979591835,0110101100110001100101000111101110110011010101110110111011011100100001010001110101011110101001000101001110111011001001111110
372,0.9375,0.9045125,0.3454640659772218,0100100100010110000011001111001111001000100111100100101011000001101101011011010010000010111011110010001110111000101011111110
373,0.9375,0.9016375,0.36459524717244896,1010101100001010101000000001011111111001010101010111100111100010110100011000010011011000001001011001001110111000000100011110
374,0.9375,0.9004625,0.3720959437397962,0100100101001001111010111011110101010011000111101001111110001011100100111001101101101010001001001101001110111001100001101110
375,0.9375,0.8995,0.37810945273631863,0101100000011001100110010100100010101101101010000000100011010100010110101000010101011111010101110010001110111010011111011110
376,0.9375,0.901,0.36868686868686856,0110000100101010011111001111000010100110001001100110011001011110000100101100001000101100101001000101001110111001100001111110
377,0.9375,0.901925,0.36273260260005113,1101100111101011101111011010001000011000111100111000001011011010111100001101111111000100100110000101001110111001100001101110
378,0.9375,0.8996625,0.3771022798056557,0101111011000001100100000010111010100111101100101001000000000100111101100011110001010101000011011001001110111010101000101110
379,0.9375,0.9017125,0.36411039043622007,0111100101001001101011000100111001010011100101101101100010011011010100001000101111010111110001010111001110111010001100101110
380,0.9375,0.9038375,0.35005849473547407,0010111010101101100100111110010110100001101000010101000011100010001110011011000100111010100001110100001110111001000010101110
381,0.9375,0.9060625,0.33466400532268803,0000000011100001101011001001110001000101101110110110101011100001101111101010010111111100001001001011001110111011110101011110
382,0.9375,0.899575,0.3776450087129698,0010010000101101111110000001101011110101000101100110111011011010000110001111101010001111100101010110001110111001111000111110
383,0.9375,0.902375,0.3597951344430215,1110001000000110011011110111111111001100010101011010110101110010101101111100011101010101010100100000001110111011110101011110
384,0.9375,0.9023125,0.36020473448496504,1101010010101110011110000101111110101001011011000010010101101000110100111011011100100100000101100001001110111011011001101110
385,0.9375,0.8997125,0.3767917237940918,1011100101100101001110000101111110111101001100001001000010010001000011101010001000010011001101011110001110111000110101011110
386,0.9375,0.901525,0.3653211474993652,0000111111000101010000111010101101000101101010110000110000100000110100011110101010000101001000001101001110111001101001111110
387,0.9375,0.903725,0.35081796935860815,1111011010000101111110001010011110000111001101101101010110001110010001000100000010111110100110101001001110111000000101111110
388,0.9375,0.9028,0.35699588477366223,1010111011110001100011101100110011100111011001110111111110000011010010000101101100110000001011101110001110111000000101111110
389,0.9375,0.903825,0.35014296854691973,1000101000000000011001100100100110111101100001010000000001000010101011010100010010101001111101010111001110111011001101011110
390,0.9375,0.9057125,0.33713376640593906,1001001110100100110000101001001000100101001001001101011010010110000001110000111111011111100101010110001110111001010111001110
391,0.9375,0.8992375,0.3797295620890707,0000000010010101101100010001111110101010001101010111010010010010010001110000001000010111000110001100001110111000111000011110
392,0.9375,0.89495,0.40504521656354103,1111110001100100101100010100100100101011011011110101001000000110101011111011001100011100111001100110001110111010100011111110
393,0.9375,0.901325,0.36660755003800327,1110110111011011010000011010010110000110011101101010100010000111010100011011111101010110000101100101001110111011010100101110
394,0.9375,0.9043375,0.3466614399581862,1111101100101110011001110100100100100001011110110111110111010111101101011001010101010111101001000001001110111010001100101110
395,0.9375,0.902675,0.35782173131261236,1110101001101100101010000110110101110010110011100001001000110110000001100100000100010111001000011010001110111000001010101110
396,0.9375,0.8997125,0.3767917237940918,0110010010101100011011110111010000001001100000010111000111111010101101001111011100111101010101001101001110111011000100001110
397,0.9375,0.9022,0.3609406952965235,1011110001000101101100010001111110101010001101010111111011101111011011100000111111011110100110000011001110111011100110101110
398,0.9375,0.897925,0.38770511878520714,1011001100100101101111101101100111101111000000111010101101011010100111010001000101111000110011010001001110111001100101101110
399,0.9375,0.9026375,0.3580690717678779,0100011110011001100011111000110100010111101101010110110001000010101011010100010010101001111101010111001110111011001101011110
400,0.9375,0.9031875,0.35442220787604883,0110010000100010001010110101001001010110001111101000100110110000111100010101001100010111001100011011001110111001001001011110
401,0.9375,0.904175,0.3477693712496742,0100110010101100011000011100001000001000110101100001011000100100100001010100010110111011100011000001001110111000001001101110
402,0.9375,0.9041625,0.3478544411112562,0100000110101000111001101001000100100110000101101010010001011011010010000110010010101110010001011010001110111010111001011110
403,0.9375,0.903725,0.35081796935860815,0001101000010101011110110111101001011100011110100100110010010001000010011000101000001110000111011100001110111010110010011110
404,0.9375,0.903725,0.35081796935860815,1111101101100110101000100100100010111001011001100110110001011110000010101011010100011011010101000001001110111001000101011110
405,0.9375,0.9014375,0.3658845909955612,0001101010100110011110000011011100100100000000011001001110010001100100001000010101111110100001001101001110111010110011011110
406,0.9375,0.9020625,0.36183790682833444,0010100000011101111101001100000111100100011111001011011100100110010101111001000101100001100111000010001110111000001110011110
407,0.9375,0.9020875,0.3616749648921228,1110011110001110011111111101001001110000010110010010111000101001100011111100100000010010110110010001001110111001010111001110
408,0.9375,0.9027375,0.357409073383884,0110101110100100100000011010100000000101000001111110110111010100101101001000110100111100011101110000001110111011100001111110
409,0.9375,0.8979625,0.3874800931030259,0101100110011000100100000011111100001001100100111010100100100111000011101000011010011011001000000110001110111010001001101110
410,0.9375,0.907,0.32795698924731165,1111000001100110110110000110001111000000001110101101100000110000110101010001010101010111110000000111001110111001111001111110
411,0.9375,0.9017125,0.36411039043622007,1101100011010001110000101000001010001001101111010001110111001000101000001000010100001011010101000110001110111000000101011110
412,0.9375,0.9073625,0.32532721630009476,1010101100010001011111111111111001011111001011100100010001100111011111111000100100101111000011101010001110111010000001111110
413,0.9375,0.8990375,0.38095827658784176,1100001111000011111110110010011100100010110101110110110011111111000101010001111100010010100001001000001110111001010101011110
414,0.9375,0.9037125,0.35090224587822905,0010111000100110100111100110111111101111101010110111010001001010100111001110010111001011101100110011001110111010001001101110
415,0.9375,0.9033125,0.35358758888170677,0110100111110001101010001000111110101111011111110001000101101011010010001010101101101011010110010110001110111000111101001110
416,0.9375,0.901775,0.3637057775515399,1011111010000100001001010101010101110111011111110100001010101101101101001110011010101100100001000100001110111010110010111110
417,0.9375,0.9018375,0.36330064943333784,1110011100101001011100001101000110100101000101111111100110101011100101000110110110100011110101100001001110111000111011101110
418,0.9375,0.9036375,0.35140744584252187,1110000100011010111101001101111000010001010101100110100110011101110001010011111010001100101011001000001110111011011101001110
419,0.9375,0.9049625,0.34236485597790345,1000000010110001000011001101110010010000001001111000010110011010111111101101001000110111000000010110001110111010100011001110
420,0.9375,0.902675,0.35782173131261236,1100101111100011111010011100100110100011000010000110101001100010000100001011110100011001111000110010001110111000100100101110
421,0.9375,0.9015375,0.36524057382252134,1011111010010111000111111001010101001001001111000011101001100101100011110011111111001001111101110101001110111001110010111110
422,0.9375,0.9012,0.3674089068825911,1000111001101101101011101000100011110011101011111100100011011000100111010001011001111111111010010011001110111000110111011110
423,0.9375,0.9029375,0.3560849967804253,1000101001100101101001010001001000000001101100010100001011110110001000100011001011110111100111010110001110111011001110101110
424,0.9375,0.89825,0.3857493857493858,0010100000010111101100010000000100101110110100010111010010110010010000010001001101101000110001000110001110111011001110011110
425,0.9375,0.9053625,0.3395852595429933,0011010001100000011011110101010000101001110011110011010101000111001010101011111001110010111011011111001110111000100101111110
426,0.9375,0.9030375,0.35542091014567456,1110111010000010000110100010100010010101010111101110100011000110101110000110011101000001100001000111001110111000111010011110
427,0.9375,0.901975,0.3624075490946189,0100011100100010011111001000111111101011011111110110100011100000011010011000101111011000111101011001001110111001010001011110
428,0.9375,0.905475,0.33879925945517037,0100000001101111001011101001111011101011100101110101111101010110001011111001011010101000000100000011001110111000011000101110
429,0.9375,0.905125,0.34123847167325455,1000000010001100111000111100001010100001010111110101010010010010101001100100111110011101110001010011001110111000101110111110
430,0.9375,0.902475,0.3591386823891308,1110110011101000101011001100100000001100000110110101111110110100101001110000001000100111001000001101001110111010010001011110
431,0.9375,0.9016875,0.364272091544819,0010100110001110100101110010111110101101010001101010001111101000001110011100100110101110101010100010001110111000100011111110
432,0.9375,0.8958,0.4001919385796543,1110011110000110011101111101100011001011001111010101110101001110000110100001000111111011101010010011001110111001111011111110
433,0.9375,0.9023875,0.3597131514918683,0001000010001100101111001111010111100000010010110110110011100110101101001001001011011011010101011100001110111001011001001110
434,0.9375,0.905775,0.33669408331122314,1011001011101100101100110000100110100110101101010110101011101101111001100111011110110001100000100101001110111000011001011110
435,0.9375,0.898825,0.3822584630590562,0100111111101110111001011100110110000001010100001111100000111001000110000100111111011111000001010110001110111000111001111110
436,0.9375,0.8979875,0.3873299840705793,1100001101101110111001100011011000100101100111110110000010010111100110111110011110110111111000010000001110111010000111111110
437,0.9375,0.9003875,0.37256870372694184,1110011100101010100011001101111110100111100011010110100001001110010101110110111000110001110001011010001110111010111101011110
438,0.9375,0.90605,0.3347525279403937,0110001000110100100101010011010011000010001111100011011110011111100111111111101111010101010010000100001110111000101101111110
439,0.9375,0.9068875,0.328768962276816,0000011100101011011111001101000001111011011110100001111111110001101000000101001001001111100101101010001110111000000101111110
440,0.9375,0.904625,0.34469200524246385,0110101110011100100011001101111110100000100101110000000001110001100110111000101011011001011011111001001110111000100101001110
441,0.9375,0.8992625,0.37957562973073605,1010011110111011101100110001011111100011011101111001101111101001101110011100001111001000010101101100001110111001000000011110
442,0.9375,0.903075,0.35517152437451666,1110000010100100010110011100101101000101010111100110100110100000010110100110101010101010011010111010001110111000011101001110
443,0.9375,0.9061375,0.33413237448395233,1100100001101110110011001001100010100110000001010101110110010010000101100110010010111000111100011011001110111000101111111110
444,0.9375,0.9023125,0.36020473448496504,1100100111110101011111111001111110100110000110100100000111000110101100000110001110111000101101101110001110111000010101111110
445,0.9375,0.901575,0.3649987299974599,1111000011110100101100110100001000110101011110101110101011110111010011000100101110011010010011100111001110111000011011111110
446,0.9375,0.9059625,0.3353715273162302,1000101101111011010110110000100100111000010111100000110000001111000010100001001111101010001101010110001110111010100010011110
447,0.9375,0.9042625,0.34717326021673867,1100010010001000111100110101001100001000011011001001001011000001100111101110010010100010100111101001001110111000110101011110
448,0.9375,0.89565,0.40105414470531897,0110101101010101011100011100100010000110010110100101011110010110101110011000001000001000011100011001001110111011011110011110
449,0.9375,0.8998375,0.37601397728690905,1010100000011001100100111000001000000000011111100000101001011010101011001100010100010010111001000011001110111000000101011110
450,0.9375,0.8995125,0.3780320935439728,0100000111100000111110110000100111100111011111000010101110101001001101001110010101111011001101000101001110111010010001111110
451,0.9375,0.9021625,0.36118563945317506,1111100100010101010010011000001000001001100000100001000010101111100001111101010001001011011110010001001110111001100111101110
452,0.9375,0.893925,0.41079424935187386,0100011100101011011111001100101110111010011000100001010111111000000111001001000101101011000011100101001110111000110110101110
453,0.9375,0.9020125,0.3621635412680189,1010100010100010101001000100011001100011101011110000000001110001100110111000101011010001011011110101001110111001010101011110
454,0.9375,0.89895,0.38149430974764953,1101001011101110101110110000000101110110001001100000001000010000100101001110111100111110111011101001001110111010011111011110
455,0.9375,0.9021125,0.36151193972672724,1101000011011100010000011000010110100111011111100110010011010000000110010001001101111011010101000001001110111001001001111110
456,0.9375,0.9010875,0.3681283963098696,0000101111010011000111111111100001101011011101011101110000000110110110011010001011011110111111000000001110111010100011001110
457,0.9375,0.8964125,0.39664534813563446,1011100011001010100110111101110000110101111101100111101111110010101100101100100100010011010011010101001110111010000110111110
458,0.9375,0.901325,0.36660755003800327,0010010110111000101111010111010011100010001000010000011001011001110111111000001101110011011100001101001110111000010101101110
459,0.9375,0.90135,0.3664470349721238,1101111101110001100001000110010110111011010110111010110010100001101100101101001000110001000111110111001110111010010001111110
460,0.9375,0.9026875,0.3577392421323059,1010100000100011010110110001000001001011111010100001101010111001001101100101101010001011010011101011001110111010001001001110
461,0.9375,0.9059375,0.33554817275747545,1101000000011101010010001000001110010000001011100000000011110000110001001101110101001001110101101100001110111000010001001110
462,0.9375,0.904625,0.34469200524246385,0110111111101111000100101111001110100111001110000011110010101110110101111110111000101101011101001011001110111010011101111110
463,0.9375,0.905075,0.3415854622070058,1111011010001111011000011011100011000010000101110110000011110111100010110100101001110000011110101101001110111011011000011110
464,0.9375,0.902275,0.3604502430289073,1011010010100110100111100001001010110010000001100110011001011011110110101010011101100111111111100001001110111000001000101110
465,0.9375,0.8996375,0.37725744177357096,0100000001011110000001000010001100001001011000001000011011000000100010111110001110011010011011001111001110111000011001111110
466,0.9375,0.9044625,0.34580662043700156,1010101001111001011111101001000110110101010000000001101011000010110010100100110100010100001111111000001110111011101001111110
467,0.9375,0.9036125,0.35157567111918014,1000001110011111110001001000011001101011101110110110000101011100110110000101010010110011000001100000001110111010100010001110
468,0.9375,0.9023625,0.3598770964025096,1101001110101010010100101101010111110011110100100010010011100001111111001010000100011111100011001011001110111000100110101110
469,0.9375,0.9033125,0.35358758888170677,0000100111110111110001000001100111110010111101011101111011011001000100111101011101111110110011100111001110111000001111111110
470,0.9375,0.902725,0.3574916473914161,0100000001011110001010010001000001001011100001000111011101011011000100001101101100100100110101001100001110111010000000011110
471,0.9375,0.90735,0.3254182406907718,1010000111110001101110110000100010110000000110011110111001000000000001110010001000101111100110100010001110111000100011111110
472,0.9375,0.9048625,0.34305610300880296,0110010110101101111011100010000010101111011110010010111101110001110001011101000111100101010100000001001110111010001001001110
473,0.9375,0.9024875,0.35905653121394693,1011000100100000101110001100000111110110101001100110111101101010111101001011011111111100001010100111001110111011000011011110
474,0.9375,0.901925,0.36273260260005113,0110100100110100011000111100110010110111011101100010111010100001010011001101110010111011100011000010001110111010001101101110
475,0.9375,0.9035125,0.35224770047933635,1101010010000111100000011000111111101111010101001010001000010000000110111111011101111100100101100101001110111010000011101110
476,0.9375,0.8987375,0.3827922478706335,0101101000111101000111010000101111000000011111101111100010010001110110011101011110010011001010110001001110111000001010111110
477,0.9375,0.90375,0.35064935064935027,0100011000100111010011110111011010110001001001100110100111100000100110111000111001010001011001001011001110111010001111111110
478,0.9375,0.9048875,0.34288342752004236,0100011011101101011011111001111110100111011101100100111011110010100101001111110010111010101010000101001110111010010010101110
479,0.9375,0.9008,0.36995967741935454,0011010010101011010000000011011000101111000111000000110000100111100010110110011000110100011101001110001110111001010110011110
480,0.9375,0.9000875,0.37445264606530687,1010100101111010000111001101100001101100100010111110011000001001100110100010111100110110010101011110001110111001111111011110
481,0.9375,0.90195,0.3625701172870982,0100100110001010011101010011001011101110001001000010111111110010101101010100111011101100101011101011001110111000011101111110
482,0.9375,0.89955,0.37779990044798434,0100110100001011100101011010111100100011000001011010001000001110000000001110001101110011011000001011001110111000100000101110
483,0.9375,0.9019,0.36289500509683975,1010110100110110011010101100101111110010110100111110011000010101100000101011011000101011001010000100001110111011000101111110
484,0.9375,0.9022625,0.3605320373449292,1000110000110010010100110100000001001011110001011111010001010100010011000100010100001110100001000101001110111001001111011110
485,0.9375,0.8995,0.37810945273631863,0111001100101001111000000100110110100011011001100000011001011010101101001111111011100101000000000111001110111000001111111110
486,0.9375,0.90285,0.356664951106536,1010101000111111111101010100011001101011101110110111011011110100101110011011101001000010101111110101001110111000011011011110
487,0.9375,0.9044,0.3462343096234311,0010001110001110000101000011011110110000010001111001011110110001000010100100001000110001110001010001001110111001100000101110
488,0.9375,0.904925,0.3426242440178808,1100111101111100101110100000001111001101111111100010000001001100010111000001001110110100011101000110001110111000001110101110
489,0.9375,0.904375,0.34640522875816965,1111111100000110100010010001011111011011111100111111011000010111101001110000001110000100010111111110001110111010001001101110
490,0.9375,0.9041875,0.34768427919112826,1010011100001100111001101011010010010000101111000001011001010101110100001001101111111011000000011111001110111010001000011110
491,0.9375,0.9016875,0.364272091544819,0011010110111100111111101110011111001110000110011101001001010111010110111101111011101100001111010100001110111001101101101110
492,0.9375,0.903625,0.351491569390402,1111101011111011100101000100110001000111101010000100000011010010100101100110101110101110010101001001001110111011100000011110
493,0.9375,0.9031,0.35500515995872023,0101100100101101101111110101110011100101001101100100011110111011010011110100001100110010010101000001001110111001100000101110
494,0.9375,0.8996875,0.3769470404984425,1110111001101111001110000100000000111000110101001011010111110010010010000000111010010110101011100011001110111010000110101110
495,0.9375,0.9024875,0.35905653121394693,1110011110100100000000100001111000010000100101000011101011000000100110000001001110101111001011000011001110111001011010101110
496,0.9375,0.902025,0.3620821638173006,1010000001101001100001110001010011010000010011010101011000010100100110111011101100010010011101010111001110111001011101111110
497,0.9375,0.9044625,0.34580662043700156,0110100110111100000100001000011110000111010011000000000000000010000000001010001101111010000101010101001110111001010011101110
498,0.9375,0.900375,0.372647427854454,1011100001001110111101111110100110100100100111011010001000000110000000000011101101100011011111000100001110111010011001111110
499,0.9375,0.9024125,0.35954912258229826,0110110101110001101100110000001010010001001011011000101101100001100000011101111110101111000000110001001110111001011011101110
500,0.9375,0.9024375,0.3593850096092248,0001000010110101100101110100110100110011000010000011100100110111011111101110011000110001100001011100001110111000011011111110
501,0.9375,0.9049,0.34279705573080943,1000111110000000111011101111110100010011000000100101011101010101000111101001011100010111010010010011001110111000111001011110
502,0.9375,0.9009125,0.36924435473697487,1100111010100000110001011111111110110110001111100111000010010011100011001100010110000000101101100001001110111000010001101110
503,0.9375,0.9004625,0.3720959437397962,0110010000111000101001000000111110000111110111000101011001110000000101001000111110011110000001001001001110111010001111111110
504,0.9375,0.902525,0.35880995126955617,0100111111101011010001111101000110000110000001010100100100110001010110110000100010100011001001001100001110111011011011101110
505,0.9375,0.90355,0.35199585277345796,1110011010000010111010110000100010111111001001111001101101010001100110011110111100110000100001000101001110111001000111101110
506,0.9375,0.9004875,0.37193819871875394,0101001010110111000111111110011111001110000110011101000100101111011110001110011011011111010010111010001110111010010110111110
507,0.9375,0.9052875,0.3401082222515506,0100111111100111101110010100111110110000100001000000101001101000000001100010000101000001110001011011001110111010000011101110
508,0.9375,0.9004,0.37248995983935757,0011000111110110111010010100010000101110001100000111010100101110000101001011100000111101010100101010001110111001001001111110
509,0.9375,0.901475,0.3656432377569143,0010110101101101010011001100011001101111000100110110001011011011010111100100101111111111011000001101001110111001111001001110
510,0.9375,0.9040375,0.3487039208023964,1101001011001011100101110011001110000011010010000011010111110100001100001011110111011001010011110011001110111010111010111110
511,0.9375,0.904175,0.3477693712496742,0010011111010110101011100100010000101110001100000100010010100000101100111001110110100110010011111100001110111001000111011110
512,0.9375,0.9034625,0.3525831930596922,1111000011101000110010001100000010110000010001111010000010001110100011010111110011010101111101010101001110111010110001001110
513,0.9375,0.90065,0.370910920986412,0110100000011101111010101000001100011001111101100101101101000000011111100010111011011101010011010001001110111000001101101110
514,0.9375,0.9029125,0.3562508046864941,0101001110001011101111000000011010000100010000010110001101000111111010010001010101010111101000001110001110111001101011101110
515,0.9375,0.903175,0.3545055512522596,0110000011111001101001111100001111010001001001000001110011101011001101100100101100001000100110011110001110111000001110011110
516,0.9375,0.9064,0.33226495726495736,0011010001110001010010110001011110001000000010100101100111100000100111100001101101101011001001100100001110111010000101011110
517,0.9375,0.90555,0.33827421916357886,0101110110001100000011000001010011001111101111100010000000011000001010110110100101111011010100000101001110111011110010011110
518,0.9375,0.9020875,0.3616749648921228,1100101100101001101011101111110101000001001010101010111111000110110100110100101110100110010101011110001110111011010011101110
519,0.9375,0.9052,0.340717299578059,1011101000111000101100111010110110100111101011001110100011110000000000001011010111010011010010100110001110111000100101111110
520,0.9375,0.902025,0.3620821638173006,1001011000100110001110100000001100010011010011000011001111110010100101011111110000000101010011100001001110111010001101001110
521,0.9375,0.9043875,0.34631978036344613,1011101100101011110011000101101110001110011011100100000011110001010110000001111101111111010100100110001110111011111001001110
522,0.9375,0.9071875,0.32659932659932633,0110100101000101010011101101110101100110010111110111001010010110101001111000110100110110101001101000001110111001001011101110
523,0.9375,0.9018375,0.36330064943333784,1101111010110111000111110100001111111011100100010111101101000010100001001001001000111111011010110011001110111000001101101110
524,0.9375,0.9042375,0.34734368881347066,1111010010000010010101100101101101100111001001011111101011001010011011011110011100001000011010010100001110111000011010011110
525,0.9375,0.902,0.3622448979591835,0110101000001111010000011100110111010011110111100100111011100111000010111101011101000110100000110000001110111000001111011110
526,0.9375,0.904475,0.3457210154409838,0010011111001000010110010000001111101101100111010101000011000110111010001010111100000000010001001010001110111000001110011110
527,0.9375,0.90495,0.3424513413992633,0101011101001000101010010100000100000001001000101010101111100110110110010100101001001011011000000001001110111011001101101110
528,0.9375,0.9037,0.35098650051921115,0010101101101010000011101110111011110111001100110101001011111110000100110100010010011000010001010000001110111010011011101110
529,0.9375,0.9002125,0.3736690467242893,1100001100001000100100010001001010111001000110010111100111111100101011111101011101000110100000110000001110111000000101001110
530,0.9375,0.9058125,0.3364299933642998,0000001111100011111111110100111110000011111011011010110111100011100011110011101001110100101101100110001110111000010001101110
